<?xml version="1.0" encoding="UTF-8"?>
<project-private xmlns="http://www.netbeans.org/ns/project-private/1">
    <editor-bookmarks xmlns="http://www.netbeans.org/ns/editor-bookmarks/2" lastBookmarkId="0"/>
    <open-files xmlns="http://www.netbeans.org/ns/projectui-open-files/2">
        <group>
            <file>file:/C:/clase4/clase4/src/ejercicioconductores/EjercicioConductores.java</file>
            <file>file:/C:/clase4/clase4/src/ejercicioconductores/FiltroDeConductores.java</file>
            <file>file:/C:/clase4/clase4/src/ejercicioconductores/Conductor.java</file>
        </group>
    </open-files>
</project-private>
